,Code,Title,Session,Details
0,CSC104H1-F,Computational Thinking,LEC0101,"Activity Time Room Instructor(s) Space Availability Wait List Status / Notes
LEC0101
Monday 11:00 — 12:00
Friday 11:00 — 12:00
LM 159
LM 159
Baumgartner, G.
33 of 196 available Yes: 0 student
Enrolment Controls: Priority (P)"
1,CSC104H1-F,Computational Thinking,LEC0201,"Activity Time Room Instructor(s) Space Availability Wait List Status / Notes
LEC0201
Monday 12:00 — 13:00
Friday 12:00 — 13:00
SF 1105
SF 1105
Baumgartner, G.
29 of 196 available Yes: 0 student
Enrolment Controls: Priority (P)"
2,CSC104H1-F,Computational Thinking,LEC0301,"Activity Time Room Instructor(s) Space Availability Wait List Status / Notes
LEC0301
Monday 15:00 — 16:00
Friday 15:00 — 16:00
MB 128
MB 128
Baumgartner, G.
37 of 196 available Yes: 0 student
Enrolment Controls: Priority (P)"
3,CSC104H1-F,Computational Thinking,TUT0101,"Activity Time Room Instructor(s) Space Availability Wait List Status / Notes
TUT0101
Wednesday 11:00 — 12:00
—
—
20 of 130 available No"
4,CSC104H1-F,Computational Thinking,TUT0201,"Activity Time Room Instructor(s) Space Availability Wait List Status / Notes
TUT0201
Wednesday 12:00 — 13:00
—
—
36 of 130 available No"
5,CSC104H1-F,Computational Thinking,TUT0301,"Activity Time Room Instructor(s) Space Availability Wait List Status / Notes
TUT0301
Wednesday 13:00 — 14:00
—
—
24 of 105 available No"
6,CSC104H1-F,Computational Thinking,TUT0401,"Activity Time Room Instructor(s) Space Availability Wait List Status / Notes
TUT0401
Wednesday 14:00 — 15:00
—
—
26 of 105 available No"
7,CSC104H1-F,Computational Thinking,TUT0501,"Activity Time Room Instructor(s) Space Availability Wait List Status / Notes
TUT0501
Wednesday 15:00 — 16:00
—
—
15 of 130 available No"
8,CSC104H1-S,Computational Thinking,LEC0101,"Activity Time Room Instructor(s) Space Availability Wait List Status / Notes
LEC0101
Monday 13:00 — 14:00
Friday 13:00 — 14:00
SS 2102
SS 2102
Baumgartner, G.
1 of 196 available Yes: 0 student Time Change: July 19, 2019
Enrolment Controls: Priority (P)"
9,CSC104H1-S,Computational Thinking,LEC0201,"Activity Time Room Instructor(s) Space Availability Wait List Status / Notes
LEC0201
Monday 14:00 — 15:00
Friday 14:00 — 15:00
SS 2102
SS 2102
Baumgartner, G.
85 of 196 available Yes: 0 student Time Change: July 19, 2019
Enrolment Controls: Priority (P)"
10,CSC104H1-S,Computational Thinking,TUT0101,"Activity Time Room Instructor(s) Space Availability Wait List Status / Notes
TUT0101
Wednesday 11:00 — 12:00
—
—
23 of 102 available No"
11,CSC104H1-S,Computational Thinking,TUT0201,"Activity Time Room Instructor(s) Space Availability Wait List Status / Notes
TUT0201
Wednesday 12:00 — 13:00
—
—
49 of 102 available No"
12,CSC104H1-S,Computational Thinking,TUT0301,"Activity Time Room Instructor(s) Space Availability Wait List Status / Notes
TUT0301
Wednesday 13:00 — 14:00
—
—
31 of 102 available No"
13,CSC104H1-S,Computational Thinking,TUT0401,"Activity Time Room Instructor(s) Space Availability Wait List Status / Notes
TUT0401
Wednesday 14:00 — 15:00
—
—
29 of 102 available No"
14,CSC108H1-F,Introduction to Computer Programming,LEC0101,"Activity Time Room Instructor(s) Space Availability Wait List Status / Notes
LEC0101
Monday 10:00 — 11:00
Wednesday 10:00 — 12:00
MY 150
MY 150
Campbell, J.
12 of 234 available Yes: 0 student
Enrolment Controls: Priority (P)"
15,CSC108H1-F,Introduction to Computer Programming,LEC0102,"Activity Time Room Instructor(s) Space Availability Wait List Status / Notes
LEC0102
Monday 10:00 — 11:00
Wednesday 10:00 — 12:00
MY 150
MY 150
Campbell, J.
16 of 234 available Yes: 0 student
Enrolment Controls: Priority (P)"
16,CSC108H1-F,Introduction to Computer Programming,LEC0201,"Activity Time Room Instructor(s) Space Availability Wait List Status / Notes
LEC0201
Tuesday 12:00 — 13:00
Thursday 12:00 — 14:00
LM 159
SF 1105
Badr, M.
14 of 196 available Yes: 0 student Room Change: July 11, 2019
Enrolment Controls: Priority (P)"
17,CSC108H1-F,Introduction to Computer Programming,LEC0301,"Activity Time Room Instructor(s) Space Availability Wait List Status / Notes
LEC0301
Tuesday 14:00 — 15:00
Thursday 14:00 — 16:00
OI G162
OI G162
Calver, J.
19 of 196 available Yes: 0 student
Enrolment Controls: Priority (P)"
18,CSC108H1-F,Introduction to Computer Programming,LEC0401,"Activity Time Room Instructor(s) Space Availability Wait List Status / Notes
LEC0401
Monday 13:00 — 14:00
Wednesday 12:00 — 14:00
MS 2158
MS 3153
Badr, M.
15 of 196 available Yes: 0 student Room Change: September 12, 2019
Enrolment Controls: Priority (P)"
19,CSC108H1-F,Introduction to Computer Programming,LEC5101,"Activity Time Room Instructor(s) Space Availability Wait List Status / Notes
LEC5101
Wednesday 18:00 — 21:00
WB 116
Calver, J.
28 of 196 available Yes: 0 student
Enrolment Controls: Priority (P)"
20,CSC108H1-F,Introduction to Computer Programming,LEC9901,"Activity Time Room Instructor(s) Space Availability Wait List Status / Notes
LEC9901
Wednesday 12:00 — 14:00
—
Williams, J.
40 of 250 available Yes: 0 student Please see Timetable Instructions for more information.
Enrolment Controls: Priority (P)"
21,CSC108H1-S,Introduction to Computer Programming,LEC0101,"Activity Time Room Instructor(s) Space Availability Wait List Status / Notes
LEC0101
Tuesday 13:00 — 15:00
Thursday 13:00 — 14:00
MP 103
MP 103
—
0 of 196 available Yes: 74 students
Enrolment Controls: Priority (P)"
22,CSC108H1-S,Introduction to Computer Programming,LEC0201,"Activity Time Room Instructor(s) Space Availability Wait List Status / Notes
LEC0201
Tuesday 15:00 — 17:00
Thursday 15:00 — 16:00
MB 128
MB 128
—
0 of 196 available Yes: 62 students
Enrolment Controls: Priority (P)"
23,CSC108H1-S,Introduction to Computer Programming,LEC0301,"Activity Time Room Instructor(s) Space Availability Wait List Status / Notes
LEC0301
Monday 12:00 — 14:00
Wednesday 12:00 — 13:00
MC 102
MC 102
—
0 of 196 available Yes: 48 students
Enrolment Controls: Priority (P)"
24,CSC108H1-S,Introduction to Computer Programming,LEC0401,"Activity Time Room Instructor(s) Space Availability Wait List Status / Notes
LEC0401
Monday 14:00 — 16:00
Wednesday 14:00 — 15:00
MP 203
LM 159
Williams, J.
0 of 196 available Yes: 48 students Wednesday Room Changed: November 11, 2019.
Enrolment Controls: Priority (P)"
25,CSC108H1-S,Introduction to Computer Programming,LEC5101,"Activity Time Room Instructor(s) Space Availability Wait List Status / Notes
LEC5101
Tuesday 18:00 — 21:00
MY 150
Gries, P.
0 of 234 available Yes: 49 students
Enrolment Controls: Priority (P)"
26,CSC108H1-S,Introduction to Computer Programming,LEC5102,"Activity Time Room Instructor(s) Space Availability Wait List Status / Notes
LEC5102
Tuesday 18:00 — 21:00
MY 150
Gries, P.
0 of 234 available Yes: 49 students
Enrolment Controls: Priority (P)"
27,CSC148H1-F,Introduction to Computer Science,LEC0101,"Activity Time Room Instructor(s) Space Availability Wait List Status / Notes
LEC0101
Monday 11:00 — 13:00
Wednesday 11:00 — 12:00
MY 150
MS 2158
Smith, J.
38 of 234 available Yes: 0 student
Enrolment Controls: Priority (P)"
28,CSC148H1-F,Introduction to Computer Science,LEC0102,"Activity Time Room Instructor(s) Space Availability Wait List Status / Notes
LEC0102
Monday 11:00 — 13:00
Wednesday 11:00 — 12:00
MY 150
MS 2158
Smith, J.
47 of 234 available Yes: 0 student
Enrolment Controls: Priority (P)"
29,CSC148H1-F,Introduction to Computer Science,TUT0101,"Activity Time Room Instructor(s) Space Availability Wait List Status / Notes
TUT0101
Thursday 09:00 — 11:00
—
—
17 of 132 available No"
30,CSC148H1-F,Introduction to Computer Science,TUT0201,"Activity Time Room Instructor(s) Space Availability Wait List Status / Notes
TUT0201
Thursday 11:00 — 13:00
—
—
22 of 132 available No"
31,CSC148H1-F,Introduction to Computer Science,TUT0301,"Activity Time Room Instructor(s) Space Availability Wait List Status / Notes
TUT0301
Thursday 13:00 — 15:00
—
—
34 of 132 available No"
32,CSC148H1-F,Introduction to Computer Science,TUT5101,"Activity Time Room Instructor(s) Space Availability Wait List Status / Notes
TUT5101
Thursday 19:00 — 21:00
—
—
15 of 72 available No"
33,CSC148H1-S,Introduction to Computer Science,LEC0101,"Activity Time Room Instructor(s) Space Availability Wait List Status / Notes
LEC0101
Wednesday 12:00 — 14:00
Friday 13:00 — 14:00
MY 150
MY 150
Horton, D.
0 of 234 available Yes: 101 students
Enrolment Controls: Priority (P)"
34,CSC148H1-S,Introduction to Computer Science,LEC0102,"Activity Time Room Instructor(s) Space Availability Wait List Status / Notes
LEC0102
Wednesday 12:00 — 14:00
Friday 13:00 — 14:00
MY 150
MY 150
Horton, D.
0 of 234 available Yes: 95 students
Enrolment Controls: Priority (P)"
35,CSC148H1-S,Introduction to Computer Science,LEC0201,"Activity Time Room Instructor(s) Space Availability Wait List Status / Notes
LEC0201
Wednesday 14:00 — 16:00
Friday 14:00 — 15:00
MP 103
MP 103
—
0 of 196 available Yes: 88 students
Enrolment Controls: Priority (P)"
36,CSC148H1-S,Introduction to Computer Science,LEC0301,"Activity Time Room Instructor(s) Space Availability Wait List Status / Notes
LEC0301
Tuesday 14:00 — 16:00
Thursday 13:00 — 14:00
MP 102
MP 203
—
0 of 196 available Yes: 85 students
Enrolment Controls: Priority (P)"
37,CSC148H1-S,Introduction to Computer Science,LEC5101,"Activity Time Room Instructor(s) Space Availability Wait List Status / Notes
LEC5101
Tuesday 18:00 — 21:00
MP 203
—
0 of 196 available Yes: 77 students
Enrolment Controls: Priority (P)"
38,CSC148H1-S,Introduction to Computer Science,LEC5102,"Activity Time Room Instructor(s) Space Availability Wait List Status / Notes
LEC5102
Tuesday 18:00 — 21:00
MS 3153
—
0 of 200 available Yes: 67 students Added: October 10, 2019
Enrolment Controls: Priority (P)"
39,CSC148H1-S,Introduction to Computer Science,TUT0101,"Activity Time Room Instructor(s) Space Availability Wait List Status / Notes
TUT0101
Thursday 09:00 — 11:00
—
—
0 of 150 available No"
40,CSC148H1-S,Introduction to Computer Science,TUT0201,"Activity Time Room Instructor(s) Space Availability Wait List Status / Notes
TUT0201
Thursday 11:00 — 13:00
—
—
0 of 150 available No"
41,CSC148H1-S,Introduction to Computer Science,TUT0301,"Activity Time Room Instructor(s) Space Availability Wait List Status / Notes
TUT0301
Thursday 13:00 — 15:00
—
—
0 of 150 available No"
42,CSC148H1-S,Introduction to Computer Science,TUT0401,"Activity Time Room Instructor(s) Space Availability Wait List Status / Notes
TUT0401
Thursday 15:00 — 17:00
—
—
1 of 150 available No"
43,CSC148H1-S,Introduction to Computer Science,TUT0501,"Activity Time Room Instructor(s) Space Availability Wait List Status / Notes
TUT0501
Friday 10:00 — 12:00
—
—
2 of 151 available No"
44,CSC148H1-S,Introduction to Computer Science,TUT5101,"Activity Time Room Instructor(s) Space Availability Wait List Status / Notes
TUT5101
Thursday 17:00 — 19:00
—
—
0 of 150 available No"
45,CSC148H1-S,Introduction to Computer Science,TUT5201,"Activity Time Room Instructor(s) Space Availability Wait List Status / Notes
TUT5201
Thursday 19:00 — 21:00
—
—
18 of 150 available No"
46,CSC148H1-S,Introduction to Computer Science,TUT5301,"Activity Time Room Instructor(s) Space Availability Wait List Status / Notes
TUT5301
Wednesday 18:00 — 20:00
—
—
77 of 150 available No Added: October 10, 2019"
47,CSC165H1-F,Mathematical Expression and Reasoning for Computer Science,LEC0101,"Activity Time Room Instructor(s) Space Availability Wait List Status / Notes
LEC0101
Tuesday 13:00 — 15:00
Thursday 13:00 — 15:00
MP 203
MP 203
Heap, D.
11 of 196 available Yes: 0 student
Enrolment Controls: Priority (P)"
48,CSC165H1-F,Mathematical Expression and Reasoning for Computer Science,LEC0201,"Activity Time Room Instructor(s) Space Availability Wait List Status / Notes
LEC0201
Tuesday 15:00 — 17:00
Thursday 15:00 — 17:00
MP 203
MP 203
Heap, D.
7 of 196 available Yes: 0 student
Enrolment Controls: Priority (P)"
49,CSC165H1-S,Mathematical Expression and Reasoning for Computer Science,LEC0101,"Activity Time Room Instructor(s) Space Availability Wait List Status / Notes
LEC0101
Monday 14:00 — 16:00
Wednesday 16:00 — 18:00
MP 103
PB B250
Liu, D.
0 of 196 available Yes: 147 students Day and Time Change: July 18, 2019
Enrolment Controls: Priority (P)"
50,CSC165H1-S,Mathematical Expression and Reasoning for Computer Science,LEC0201,"Activity Time Room Instructor(s) Space Availability Wait List Status / Notes
LEC0201
Monday 13:00 — 15:00
Thursday 13:00 — 15:00
SS 2135
SS 2118
—
0 of 196 available Yes: 140 students
Enrolment Controls: Priority (P)"
51,CSC165H1-S,Mathematical Expression and Reasoning for Computer Science,LEC0301,"Activity Time Room Instructor(s) Space Availability Wait List Status / Notes
LEC0301
Monday 16:00 — 18:00
Thursday 15:00 — 17:00
PB B250
LM 159
Liu, D.
0 of 196 available Yes: 140 students Room Changed: August 14, 2019
Enrolment Controls: Priority (P)"
52,CSC165H1-S,Mathematical Expression and Reasoning for Computer Science,LEC5101,"Activity Time Room Instructor(s) Space Availability Wait List Status / Notes
LEC5101
Monday 18:00 — 20:00
Wednesday 18:00 — 20:00
MB 128
MB 128
—
0 of 196 available Yes: 143 students
Enrolment Controls: Priority (P)"
53,CSC197H1-F,"What, Who, How: Privacy in the Age of Big Data Collection",LEC0101,"Activity Time Room Instructor(s) Space Availability Wait List Status / Notes
LEC0101
Tuesday 14:00 — 16:00
IN 312
Liu, D.
1 of 30 available No Room Changed: July 24, 2019
Enrolment Controls: Restricted (R2)"
54,CSC198H1-F,Computing for Science,LEC0101,"Activity Time Room Instructor(s) Space Availability Wait List Status / Notes
LEC0101
Friday 09:00 — 13:00
MY 320
Aspuru-Guzik, A.
Smith, J.
23 of 30 available No
Enrolment Controls: Restricted (R1)"
55,CSC198H1-S,Computing for Science,LEC0101,"Activity Time Room Instructor(s) Space Availability Wait List Status / Notes
LEC0101
Wednesday 14:00 — 16:00
Friday 14:00 — 16:00
AP 124
MY 490
Aspuru-Guzik, A.
Smith, J.
19 of 30 available No Time Change/Rooms Updated: October 28, 2019.
Friday meeting time changed: November 7, 2019.
Enrolment Controls: Restricted (R1)"
56,CSC199H1-S,"Intelligence, Artificial and Human",LEC0101,"Activity Time Room Instructor(s) Space Availability Wait List Status / Notes
LEC0101
Tuesday 14:00 — 16:00
ES 4000
Penn, G.
0 of 30 available No
Enrolment Controls: Restricted (R1)"
57,CSC207H1-F,Software Design,LEC0101,"Activity Time Room Instructor(s) Space Availability Wait List Status / Notes
LEC0101
Monday 14:00 — 15:00
Tuesday 13:00 — 15:00
—
MS 2172
Gries, P.
5 of 125 available Yes: 0 student
Enrolment Controls: Restricted (R1)"
58,CSC207H1-F,Software Design,LEC0201,"Activity Time Room Instructor(s) Space Availability Wait List Status / Notes
LEC0201
Monday 13:00 — 14:00
Tuesday 16:00 — 18:00
—
KP 108
Gries, P.
10 of 140 available Yes: 0 student Time Change: July 23, 2019
Enrolment Controls: Restricted (R1)"
59,CSC207H1-F,Software Design,LEC0301,"Activity Time Room Instructor(s) Space Availability Wait List Status / Notes
LEC0301
Monday 17:00 — 18:00
Wednesday 14:00 — 16:00
—
OI 2212
Shorser, L.
77 of 140 available Yes: 0 student Time Change: July 23, 2019
Enrolment Controls: Restricted (R1)"
60,CSC207H1-F,Software Design,LEC0401,"Activity Time Room Instructor(s) Space Availability Wait List Status / Notes
LEC0401
Thursday 10:00 — 12:00
Thursday 12:00 — 13:00
—
—
Gries, P.
0 of 24 available No
Enrolment Controls: Enrol at Department (E)"
61,CSC207H1-F,Software Design,LEC2000,"Activity Time Room Instructor(s) Space Availability Wait List Status / Notes
LEC2000
Monday 14:00 — 15:00
Tuesday 13:00 — 15:00
—
MS 2172
Gries, P.
4 of 15 available No
Enrolment Controls: Enrol at Department (E)"
62,CSC207H1-F,Software Design,LEC5101,"Activity Time Room Instructor(s) Space Availability Wait List Status / Notes
LEC5101
Wednesday 17:00 — 18:00
Wednesday 18:00 — 20:00
BA 1130
BA 1130
Shorser, L.
16 of 140 available Yes: 0 student
Enrolment Controls: Priority (P)"
63,CSC207H1-S,Software Design,LEC0101,"Activity Time Room Instructor(s) Space Availability Wait List Status / Notes
LEC0101
Tuesday 14:00 — 15:00
Wednesday 14:00 — 16:00
Dept Lab
SF 1105
Shorser, L.
0 of 131 available Yes: 41 students Room Changed: October 2, 2019
Enrolment Controls: Priority (P)"
64,CSC207H1-S,Software Design,LEC0201,"Activity Time Room Instructor(s) Space Availability Wait List Status / Notes
LEC0201
Tuesday 13:00 — 14:00
Thursday 13:00 — 15:00
Dept Lab
MS 2170
Shorser, L.
0 of 140 available Yes: 42 students Room Changed: October 2, 2019
Enrolment Controls: Priority (P)"
65,CSC207H1-S,Software Design,LEC2000,"Activity Time Room Instructor(s) Space Availability Wait List Status / Notes
LEC2000
Tuesday 14:00 — 15:00
Wednesday 14:00 — 16:00
Dept Lab
SF 1105
Shorser, L.
0 of 7 available No Room Changed: October 2, 2019
Enrolment Controls: Enrol at Department (E)"
66,CSC209H1-F,Software Tools and Systems Programming,LEC0101,"Activity Time Room Instructor(s) Space Availability Wait List Status / Notes
LEC0101
Tuesday 13:00 — 14:00
Thursday 13:00 — 14:00
BA 1130
SF 1101
Reid, K.
17 of 140 available Yes: 0 student
Enrolment Controls: Priority (P)"
67,CSC209H1-F,Software Tools and Systems Programming,LEC0201,"Activity Time Room Instructor(s) Space Availability Wait List Status / Notes
LEC0201
Tuesday 14:00 — 15:00
Thursday 14:00 — 15:00
PB B150
WB 116
Moghaddassian, M.
37 of 140 available Yes: 0 student Room Change: August 13, 2019
Enrolment Controls: Priority (P)"
68,CSC209H1-F,Software Tools and Systems Programming,TUT0101,"Activity Time Room Instructor(s) Space Availability Wait List Status / Notes
TUT0101
Friday 10:00 — 11:00
—
—
38 of 95 available No"
69,CSC209H1-F,Software Tools and Systems Programming,TUT0201,"Activity Time Room Instructor(s) Space Availability Wait List Status / Notes
TUT0201
Friday 11:00 — 12:00
—
—
21 of 95 available No"
70,CSC209H1-F,Software Tools and Systems Programming,TUT0301,"Activity Time Room Instructor(s) Space Availability Wait List Status / Notes
TUT0301
Friday 12:00 — 13:00
—
—
6 of 95 available No"
71,CSC209H1-S,Software Tools and Systems Programming,LEC0101,"Activity Time Room Instructor(s) Space Availability Wait List Status / Notes
LEC0101
Tuesday 14:00 — 15:00
Thursday 14:00 — 15:00
MY 150
MY 150
Campbell, J.
0 of 140 available Yes: 3 students Time Change: July 8, 2019
Enrolment Controls: Priority (P)"
72,CSC209H1-S,Software Tools and Systems Programming,LEC0201,"Activity Time Room Instructor(s) Space Availability Wait List Status / Notes
LEC0201
Tuesday 14:00 — 15:00
Thursday 14:00 — 15:00
MY 150
MY 150
Campbell, J.
0 of 140 available Yes: 3 students Time Changed: July 8, 2019
Enrolment Controls: Priority (P)"
73,CSC209H1-S,Software Tools and Systems Programming,LEC0301,"Activity Time Room Instructor(s) Space Availability Wait List Status / Notes
LEC0301
Tuesday 14:00 — 15:00
Thursday 14:00 — 15:00
MY 150
MY 150
—
97 of 140 available Yes: 0 student Time Changed: July 8, 2019
Enrolment Controls: Priority (P)"
74,CSC209H1-S,Software Tools and Systems Programming,LEC5101,"Activity Time Room Instructor(s) Space Availability Wait List Status / Notes
LEC5101
Tuesday 18:00 — 20:00
BA 1170
Moghaddassian, M.
0 of 120 available Yes: 0 student
Enrolment Controls: Priority (P)"
75,CSC209H1-S,Software Tools and Systems Programming,TUT0101,"Activity Time Room Instructor(s) Space Availability Wait List Status / Notes
TUT0101
Friday 13:00 — 14:00
—
—
7 of 140 available No"
76,CSC209H1-S,Software Tools and Systems Programming,TUT0201,"Activity Time Room Instructor(s) Space Availability Wait List Status / Notes
TUT0201
Friday 14:00 — 15:00
—
—
40 of 140 available No"
77,CSC209H1-S,Software Tools and Systems Programming,TUT0301,"Activity Time Room Instructor(s) Space Availability Wait List Status / Notes
TUT0301
Friday 15:00 — 16:00
—
—
32 of 140 available No"
78,CSC209H1-S,Software Tools and Systems Programming,TUT5101,"Activity Time Room Instructor(s) Space Availability Wait List Status / Notes
TUT5101
Tuesday 20:00 — 21:00
—
—
66 of 120 available No"
79,CSC236H1-F,Introduction to the Theory of Computation,LEC0101,"Activity Time Room Instructor(s) Space Availability Wait List Status / Notes
LEC0101
Monday 11:00 — 12:00
Wednesday 11:00 — 12:00
Friday 11:00 — 12:00
WI 1016
WI 1016
WI 1016
Aameri, B.
5 of 131 available Yes: 0 student
Enrolment Controls: Restricted (R1)"
80,CSC236H1-F,Introduction to the Theory of Computation,LEC0201,"Activity Time Room Instructor(s) Space Availability Wait List Status / Notes
LEC0201
Monday 12:00 — 13:00
Wednesday 12:00 — 13:00
Friday 12:00 — 13:00
WI 1016
WI 1016
WI 1016
Aameri, B.
0 of 140 available Yes: 0 student
Enrolment Controls: Restricted (R1)"
81,CSC236H1-F,Introduction to the Theory of Computation,LEC2000,"Activity Time Room Instructor(s) Space Availability Wait List Status / Notes
LEC2000
Monday 11:00 — 12:00
Wednesday 11:00 — 12:00
Friday 11:00 — 12:00
WI 1016
WI 1016
WI 1016
Aameri, B.
1 of 6 available No
Enrolment Controls: Enrol at Department (E)"
82,CSC236H1-F,Introduction to the Theory of Computation,LEC5101,"Activity Time Room Instructor(s) Space Availability Wait List Status / Notes
LEC5101
Thursday 18:00 — 21:00
BA 1160
Aameri, B.
14 of 140 available Yes: 0 student
Enrolment Controls: Priority (P)"
83,CSC236H1-S,Introduction to the Theory of Computation,LEC0101,"Activity Time Room Instructor(s) Space Availability Wait List Status / Notes
LEC0101
Monday 13:00 — 14:00
Wednesday 13:00 — 14:00
Friday 13:00 — 14:00
UC 140
UC 140
—
—
0 of 132 available Yes: 1 student Time Change: July 18, 2019
Enrolment Controls: Priority (P)"
84,CSC236H1-S,Introduction to the Theory of Computation,LEC0201,"Activity Time Room Instructor(s) Space Availability Wait List Status / Notes
LEC0201
Monday 12:00 — 13:00
Wednesday 12:00 — 13:00
Friday 12:00 — 13:00
UC 140
UC 140
—
—
0 of 140 available Yes: 0 student
Enrolment Controls: Priority (P)"
85,CSC236H1-S,Introduction to the Theory of Computation,LEC2000,"Activity Time Room Instructor(s) Space Availability Wait List Status / Notes
LEC2000
Monday 13:00 — 14:00
Wednesday 13:00 — 14:00
Friday 13:00 — 14:00
UC 140
UC 140
—
—
0 of 11 available No Time Change: July 18, 2019
Enrolment Controls: Enrol at Department (E)"
86,CSC240H1-S,Enriched Introduction to the Theory of Computation,LEC0101,"Activity Time Room Instructor(s) Space Availability Wait List Status / Notes
LEC0101
Monday 11:00 — 13:00
Wednesday 11:00 — 12:00
MS 2172
MS 2172
Cook, J.
0 of 130 available Yes: 37 students
Enrolment Controls: Priority (P)"
87,CSC258H1-F,Computer Organization,LEC0101,"Activity Time Room Instructor(s) Space Availability Wait List Status / Notes
LEC0101
Monday 11:00 — 12:00
Wednesday 11:00 — 12:00
Wednesday 18:00 — 21:00
Friday 11:00 — 12:00
BA 1160
BA 1160
—
BA 1160
Goudarzi, M.
45 of 150 available Yes: 0 student
Enrolment Controls: Priority (P)"
88,CSC258H1-F,Computer Organization,LEC5101,"Activity Time Room Instructor(s) Space Availability Wait List Status / Notes
LEC5101
Tuesday 18:00 — 21:00
Thursday 18:00 — 21:00
BA 1130
—
Goudarzi, M.
43 of 150 available Yes: 0 student
Enrolment Controls: Priority (P)"
89,CSC258H1-S,Computer Organization,LEC0101,"Activity Time Room Instructor(s) Space Availability Wait List Status / Notes
LEC0101
Monday 13:00 — 14:00
Wednesday 13:00 — 14:00
Wednesday 18:00 — 21:00
Friday 13:00 — 14:00
GB 221
GB 221
—
GB 221
—
0 of 100 available Yes: 3 students
Enrolment Controls: Priority (P)"
90,CSC258H1-S,Computer Organization,LEC0201,"Activity Time Room Instructor(s) Space Availability Wait List Status / Notes
LEC0201
Monday 14:00 — 15:00
Monday 18:00 — 21:00
Wednesday 14:00 — 15:00
Friday 14:00 — 15:00
GB 248
—
GB 248
GB 248
—
0 of 100 available Yes: 1 student
Enrolment Controls: Priority (P)"
91,CSC258H1-S,Computer Organization,LEC5101,"Activity Time Room Instructor(s) Space Availability Wait List Status / Notes
LEC5101
Monday 18:00 — 21:00
Tuesday 18:00 — 21:00
KP 108
—
Ho, M.
61 of 150 available Yes: 0 student
Enrolment Controls: Priority (P)"
92,CSC263H1-F,Data Structures and Analysis,LEC0101,"Activity Time Room Instructor(s) Space Availability Wait List Status / Notes
LEC0101
Wednesday 12:00 — 13:00
Wednesday 13:00 — 14:00
Friday 10:00 — 11:00
KP 108
KP 108
KP 108
Grinspun, E.
12 of 120 available Yes: 0 student
Enrolment Controls: Priority (P)"
93,CSC263H1-F,Data Structures and Analysis,LEC0201,"Activity Time Room Instructor(s) Space Availability Wait List Status / Notes
LEC0201
Wednesday 15:00 — 16:00
Wednesday 16:00 — 17:00
Friday 13:00 — 14:00
KP 108
KP 108
KP 108
Vicencio-Heap, F.
4 of 55 available Yes: 0 student
Enrolment Controls: Priority (P)"
94,CSC263H1-F,Data Structures and Analysis,LEC2000,"Activity Time Room Instructor(s) Space Availability Wait List Status / Notes
LEC2000
Wednesday 15:00 — 16:00
Wednesday 16:00 — 17:00
Friday 13:00 — 14:00
KP 108
KP 108
KP 108
Grinspun, E.
6 of 7 available No
Enrolment Controls: Enrol at Department (E)"
95,CSC263H1-F,Data Structures and Analysis,LEC2201,"Activity Time Room Instructor(s) Space Availability Wait List Status / Notes
LEC2201
Wednesday 15:00 — 16:00
Wednesday 16:00 — 17:00
Friday 13:00 — 14:00
KP 108
KP 108
KP 108
Vicencio-Heap, F.
4 of 60 available Yes: 0 student
Enrolment Controls: Restricted (R1)"
96,CSC263H1-S,Data Structures and Analysis,LEC0101,"Activity Time Room Instructor(s) Space Availability Wait List Status / Notes
LEC0101
Monday 14:00 — 15:00
Wednesday 14:00 — 15:00
Friday 14:00 — 15:00
BA 1190
BA 1190
BA 1190
Toueg, S.
0 of 118 available Yes: 17 students
Enrolment Controls: Priority (P)"
97,CSC263H1-S,Data Structures and Analysis,LEC0201,"Activity Time Room Instructor(s) Space Availability Wait List Status / Notes
LEC0201
Monday 15:00 — 16:00
Wednesday 15:00 — 16:00
Friday 15:00 — 16:00
SS 2102
SS 2102
SS 2102
Heap, D.
0 of 125 available Yes: 1 student
Enrolment Controls: Priority (P)"
98,CSC263H1-S,Data Structures and Analysis,LEC0301,"Activity Time Room Instructor(s) Space Availability Wait List Status / Notes
LEC0301
Monday 16:00 — 17:00
Wednesday 16:00 — 17:00
Friday 16:00 — 17:00
KP 108
KP 108
SS 2102
Toueg, S.
48 of 125 available Yes: 0 student Friday Room Changed: October 30, 2019.
Enrolment Controls: Priority (P)"
99,CSC263H1-S,Data Structures and Analysis,LEC2000,"Activity Time Room Instructor(s) Space Availability Wait List Status / Notes
LEC2000
Monday 14:00 — 15:00
Wednesday 14:00 — 15:00
Friday 14:00 — 15:00
BA 1190
BA 1190
BA 1190
Toueg, S.
1 of 7 available No
Enrolment Controls: Enrol at Department (E)"
100,CSC263H1-S,Data Structures and Analysis,LEC5101,"Activity Time Room Instructor(s) Space Availability Wait List Status / Notes
LEC5101
Thursday 18:00 — 20:00
Thursday 20:00 — 21:00
BA 1170
BA 1170
Heap, D.
12 of 125 available Yes: 0 student
Enrolment Controls: Priority (P)"
101,CSC265H1-F,Enriched Data Structures and Analysis,LEC0101,"Activity Time Room Instructor(s) Space Availability Wait List Status / Notes
LEC0101
Tuesday 14:00 — 16:00
Thursday 15:00 — 16:00
WB 219
WB 219
Nikolov, A.
28 of 55 available Yes: 0 student
Enrolment Controls: Priority (P)"
102,CSC299Y1-Y,Rsch Opportunity Prg,LEC0101,"Activity Time
Room
1st Term
2nd Term
Instructor(s) Space Availability Wait List Status / Notes
LEC0101
—
—
—
Chechik, M.
9997 of 9999 available No
Enrolment Controls: Enrol at Department (E)"
103,CSC300H1-F,Computers and Society,LEC0101,"Activity Time Room Instructor(s) Space Availability Wait List Status / Notes
LEC0101
Wednesday 15:00 — 17:00
ES B149
Ahmed, S.
18 of 90 available Yes: 0 student
Enrolment Controls: Priority (P)"
104,CSC300H1-F,Computers and Society,LEC5101,"Activity Time Room Instructor(s) Space Availability Wait List Status / Notes
LEC5101
Wednesday 18:00 — 20:00
ES B149
Ahmed, S.
8 of 90 available Yes: 0 student
Enrolment Controls: Priority (P)"
105,CSC300H1-F,Computers and Society,TUT5101,"Activity Time Room Instructor(s) Space Availability Wait List Status / Notes
TUT5101
Wednesday 17:00 — 18:00
AB 114
—
4 of 30 available No For students in LEC0101 only."
106,CSC300H1-F,Computers and Society,TUT5102,"Activity Time Room Instructor(s) Space Availability Wait List Status / Notes
TUT5102
Wednesday 17:00 — 18:00
BA 2135
—
3 of 30 available No For students in LEC0101 only."
107,CSC300H1-F,Computers and Society,TUT5103,"Activity Time Room Instructor(s) Space Availability Wait List Status / Notes
TUT5103
Wednesday 17:00 — 18:00
BA 2139
—
14 of 30 available No For students in LEC0101 only."
108,CSC300H1-F,Computers and Society,TUT5201,"Activity Time Room Instructor(s) Space Availability Wait List Status / Notes
TUT5201
Wednesday 20:00 — 21:00
AB 114
—
1 of 30 available No For students in LEC5101 only."
109,CSC300H1-F,Computers and Society,TUT5202,"Activity Time Room Instructor(s) Space Availability Wait List Status / Notes
TUT5202
Wednesday 20:00 — 21:00
KP 113
—
9 of 30 available No For students in LEC5101 only."
110,CSC300H1-F,Computers and Society,TUT5203,"Activity Time Room Instructor(s) Space Availability Wait List Status / Notes
TUT5203
Wednesday 20:00 — 21:00
BA 1240
—
2 of 30 available No For students in LEC5101 only."
111,CSC300H1-S,Computers and Society,LEC0101,"Activity Time Room Instructor(s) Space Availability Wait List Status / Notes
LEC0101
Wednesday 14:00 — 16:00
Friday 14:00 — 15:00
ES B149
ES B149
Zaleski, M.
0 of 90 available Yes: 27 students
Enrolment Controls: Priority (P)"
112,CSC300H1-S,Computers and Society,LEC5101,"Activity Time Room Instructor(s) Space Availability Wait List Status / Notes
LEC5101
Thursday 18:00 — 20:00
Thursday 20:00 — 21:00
BA 1180
BA 1180
Zaleski, M.
0 of 90 available Yes: 31 students
Enrolment Controls: Priority (P)"
113,CSC301H1-F,Introduction to Software Engineering,LEC0101,"Activity Time Room Instructor(s) Space Availability Wait List Status / Notes
LEC0101
Monday 12:00 — 14:00
Tuesday 12:00 — 13:00
GB 244
GB 244
Davison, M.
2 of 90 available Yes: 0 student
Enrolment Controls: Priority (P)"
114,CSC301H1-F,Introduction to Software Engineering,LEC5101,"Activity Time Room Instructor(s) Space Availability Wait List Status / Notes
LEC5101
Monday 18:00 — 20:00
Monday 20:00 — 21:00
BA 1180
BA 1180
Jorjani, D.
11 of 90 available Yes: 0 student
Enrolment Controls: Priority (P)"
115,CSC301H1-S,Introduction to Software Engineering,LEC0101,"Activity Time Room Instructor(s) Space Availability Wait List Status / Notes
LEC0101
Wednesday 12:00 — 14:00
Thursday 13:00 — 14:00
GB 220
GB 220
—
0 of 90 available Yes: 3 students
Enrolment Controls: Priority (P)"
116,CSC301H1-S,Introduction to Software Engineering,LEC5101,"Activity Time Room Instructor(s) Space Availability Wait List Status / Notes
LEC5101
Monday 18:00 — 20:00
Monday 20:00 — 21:00
BA 1180
BA 1180
—
0 of 90 available Yes: 3 students
Enrolment Controls: Priority (P)"
117,CSC302H1-F,Engineering Large Software Systems,LEC0101,"Activity Time Room Instructor(s) Space Availability Wait List Status / Notes
LEC0101
Monday 16:00 — 17:00
Wednesday 16:00 — 18:00
Friday 16:00 — 17:00
SS 1074
UC 161
UC 161
Zaleski, M.
1 of 40 available Yes: 0 student Room Change: October 1, 2019
Enrolment Controls: Priority (P)"
118,CSC302H1-S,Engineering Large Software Systems,LEC0101,"Activity Time Room Instructor(s) Space Availability Wait List Status / Notes
LEC0101
Monday 16:00 — 17:00
Wednesday 16:00 — 18:00
Friday 16:00 — 17:00
HA 401
HA 401
HA 401
Zaleski, M.
0 of 40 available Yes: 24 students
Enrolment Controls: Priority (P)"
119,CSC303H1-S,Social and Information Networks,LEC0101,"Activity Time Room Instructor(s) Space Availability Wait List Status / Notes
LEC0101
Monday 15:00 — 16:00
Wednesday 15:00 — 16:00
Friday 15:00 — 16:00
GB 248
GB 248
GB 248
Borodin, A.
0 of 90 available Yes: 23 students
Enrolment Controls: Priority (P)"
120,CSC304H1-F,Algorithmic Game Theory and Mechanism Design,LEC0101,"Activity Time Room Instructor(s) Space Availability Wait List Status / Notes
LEC0101
Monday 15:00 — 16:00
Wednesday 15:00 — 16:00
Friday 15:00 — 16:00
GB 248
GB 248
GB 248
Shah, N.
14 of 100 available Yes: 0 student
Enrolment Controls: Priority (P)"
121,CSC309H1-F,Programming on the Web,LEC0101,"Activity Time Room Instructor(s) Space Availability Wait List Status / Notes
LEC0101
Monday 15:00 — 16:00
Wednesday 15:00 — 16:00
Friday 15:00 — 16:00
AH 400
AH 400
AH 400
Kazakevich, M.
18 of 105 available Yes: 0 student
Enrolment Controls: Priority (P)"
122,CSC309H1-F,Programming on the Web,LEC0201,"Activity Time Room Instructor(s) Space Availability Wait List Status / Notes
LEC0201
Monday 16:00 — 17:00
Wednesday 16:00 — 17:00
Friday 16:00 — 17:00
AH 400
AH 400
AH 400
Kazakevich, M.
22 of 125 available Yes: 0 student
Enrolment Controls: Priority (P)"
123,CSC309H1-F,Programming on the Web,LEC2001,"Activity Time Room Instructor(s) Space Availability Wait List Status / Notes
LEC2001
Monday 15:00 — 16:00
Wednesday 15:00 — 16:00
Friday 15:00 — 16:00
AH 400
AH 400
AH 400
Kazakevich, M.
4 of 20 available Yes: 0 student Room Added: August 26, 2019
Enrolment Controls: Restricted (R1)"
124,CSC309H1-S,Programming on the Web,LEC0101,"Activity Time Room Instructor(s) Space Availability Wait List Status / Notes
LEC0101
Monday 10:00 — 11:00
Wednesday 10:00 — 11:00
Friday 10:00 — 11:00
KP 108
KP 108
KP 108
—
0 of 110 available Yes: 10 students
Enrolment Controls: Priority (P)"
125,CSC309H1-S,Programming on the Web,LEC2001,"Activity Time Room Instructor(s) Space Availability Wait List Status / Notes
LEC2001
Monday 10:00 — 11:00
Wednesday 10:00 — 11:00
Friday 10:00 — 11:00
KP 108
KP 108
KP 108
—
0 of 15 available Yes: 2 students
Enrolment Controls: Restricted (R1)"
126,CSC309H1-S,Programming on the Web,LEC2501,"Activity Time Room Instructor(s) Space Availability Wait List Status / Notes
LEC2501
Monday 18:00 — 20:00
Monday 20:00 — 21:00
BA 1190
BA 1190
—
0 of 5 available Yes: 3 students
Enrolment Controls: Restricted (R1)"
127,CSC309H1-S,Programming on the Web,LEC5101,"Activity Time Room Instructor(s) Space Availability Wait List Status / Notes
LEC5101
Monday 18:00 — 20:00
Monday 20:00 — 21:00
BA 1190
BA 1190
—
0 of 120 available Yes: 8 students
Enrolment Controls: Priority (P)"
128,CSC311H1-F,Introduction to Machine Learning,LEC0101,"Activity Time Room Instructor(s) Space Availability Wait List Status / Notes
LEC0101
Monday 11:00 — 13:00
Monday 15:00 — 16:00
RW 117
RW 117
Erdogdu, M.
40 of 125 available Yes: 0 student
Enrolment Controls: Priority (P)"
129,CSC311H1-F,Introduction to Machine Learning,LEC0201,"Activity Time Room Instructor(s) Space Availability Wait List Status / Notes
LEC0201
Wednesday 11:00 — 13:00
Wednesday 15:00 — 16:00
BA 1170
BA 1170
Zemel, R.
30 of 125 available Yes: 0 student
Enrolment Controls: Priority (P)"
130,CSC311H1-F,Introduction to Machine Learning,LEC0301,"Activity Time Room Instructor(s) Space Availability Wait List Status / Notes
LEC0301
Thursday 16:00 — 18:00
Thursday 18:00 — 19:00
MB 128
MB 128
Erdogdu, M.
27 of 125 available Yes: 0 student
Enrolment Controls: Priority (P)"
131,CSC311H1-S,Introduction to Machine Learning,LEC0101,"Activity Time Room Instructor(s) Space Availability Wait List Status / Notes
LEC0101
Tuesday 13:00 — 15:00
Thursday 14:00 — 15:00
MS 2172
MS 2172
Farahmand, A.
0 of 125 available Yes: 54 students
Enrolment Controls: Priority (P)"
132,CSC311H1-S,Introduction to Machine Learning,LEC5101,"Activity Time Room Instructor(s) Space Availability Wait List Status / Notes
LEC5101
Thursday 18:00 — 20:00
Thursday 20:00 — 21:00
BA 1130
BA 1130
—
0 of 125 available Yes: 62 students
Enrolment Controls: Priority (P)"
133,CSC318H1-F,The Design of Interactive Computational Media,LEC0101,"Activity Time Room Instructor(s) Space Availability Wait List Status / Notes
LEC0101
Wednesday 15:00 — 17:00
Wednesday 17:00 — 18:00
SS 2102
SS 2102
Posner, I.
27 of 95 available Yes: 0 student Room Added: July 30, 2019
Enrolment Controls: Priority (P)"
134,CSC318H1-F,The Design of Interactive Computational Media,LEC0201,"Activity Time Room Instructor(s) Space Availability Wait List Status / Notes
LEC0201
Wednesday 18:00 — 20:00
Wednesday 20:00 — 21:00
SS 2135
SS 2135
Posner, I.
45 of 100 available Yes: 0 student Room Added: July 30, 2019
Enrolment Controls: Priority (P)"
135,CSC318H1-F,The Design of Interactive Computational Media,LEC2001,"Activity Time Room Instructor(s) Space Availability Wait List Status / Notes
LEC2001
Wednesday 15:00 — 17:00
Wednesday 17:00 — 18:00
SS 2102
SS 2102
Posner, I.
3 of 5 available Yes: 0 student Room Added: July 30, 2019
Enrolment Controls: Restricted (R1)"
136,CSC318H1-S,The Design of Interactive Computational Media,LEC0101,"Activity Time Room Instructor(s) Space Availability Wait List Status / Notes
LEC0101
Monday 18:00 — 20:00
Wednesday 18:00 — 20:00
Friday 18:00 — 20:00
MC 102
PB B250
MC 102
Chevalier, F.
Truong, K.
1 of 90 available Yes: 0 student Time Change: September 17, 2019
Enrolment Controls: Priority (P)"
137,CSC318H1-S,The Design of Interactive Computational Media,LEC2001,"Activity Time Room Instructor(s) Space Availability Wait List Status / Notes
LEC2001
Monday 18:00 — 20:00
Wednesday 18:00 — 20:00
Friday 18:00 — 20:00
MC 102
PB B250
MC 102
Chevalier, F.
Truong, K.
6 of 10 available Yes: 0 student Time Change: September 17, 2019
Enrolment Controls: Restricted (R1)"
138,CSC318H1-S,The Design of Interactive Computational Media,LEC5101,"Activity Time Room Instructor(s) Space Availability Wait List Status / Notes
LEC5101
Monday 18:00 — 20:00
Wednesday 18:00 — 20:00
Friday 18:00 — 20:00
MC 102
PB B250
MC 102
Chevalier, F.
Truong, K.
37 of 100 available Yes: 0 student
Enrolment Controls: Priority (P)"
139,CSC320H1-F,Introduction to Visual Computing,LEC5101,"Activity Time Room Instructor(s) Space Availability Wait List Status / Notes
LEC5101
Wednesday 18:00 — 20:00
Wednesday 20:00 — 21:00
BA 1180
BA 1180
Ma, Y.
62 of 100 available Yes: 0 student
Enrolment Controls: Priority (P)"
140,CSC320H1-S,Introduction to Visual Computing,LEC2501,"Activity Time Room Instructor(s) Space Availability Wait List Status / Notes
LEC2501
Wednesday 18:00 — 20:00
Wednesday 20:00 — 21:00
BA 1170
BA 1170
Ma, Y.
0 of 4 available Yes: 0 student
Enrolment Controls: Restricted (R1)"
141,CSC320H1-S,Introduction to Visual Computing,LEC5101,"Activity Time Room Instructor(s) Space Availability Wait List Status / Notes
LEC5101
Wednesday 18:00 — 20:00
Wednesday 20:00 — 21:00
BA 1170
BA 1170
Ma, Y.
0 of 96 available Yes: 29 students
Enrolment Controls: Priority (P)"
142,CSC324H1-F,Principles of Programming Languages,LEC0101,"Activity Time Room Instructor(s) Space Availability Wait List Status / Notes
LEC0101
Monday 10:00 — 11:00
Wednesday 10:00 — 11:00
Friday 10:00 — 11:00
GB 248
GB 248
GB 248
Liu, D.
30 of 100 available Yes: 0 student
Enrolment Controls: Priority (P)"
143,CSC324H1-F,Principles of Programming Languages,LEC0201,"Activity Time Room Instructor(s) Space Availability Wait List Status / Notes
LEC0201
Monday 11:00 — 12:00
Wednesday 11:00 — 12:00
Friday 11:00 — 12:00
GB 244
GB 244
GB 244
Liu, D.
32 of 100 available Yes: 0 student
Enrolment Controls: Priority (P)"
144,CSC324H1-S,Principles of Programming Languages,LEC5101,"Activity Time Room Instructor(s) Space Availability Wait List Status / Notes
LEC5101
Tuesday 18:00 — 19:00
Tuesday 19:00 — 21:00
MC 254
MC 254
Baumgartner, G.
0 of 100 available Yes: 37 students Day Change: July 18, 2019
Enrolment Controls: Priority (P)"
145,CSC336H1-F,Numerical Methods,LEC5101,"Activity Time Room Instructor(s) Space Availability Wait List Status / Notes
LEC5101
Thursday 18:00 — 20:00
Thursday 20:00 — 21:00
BA 1170
BA 1170
Jackson, K.
35 of 125 available Yes: 0 student
Enrolment Controls: Priority (P)"
146,CSC336H1-S,Numerical Methods,LEC0101,"Activity Time Room Instructor(s) Space Availability Wait List Status / Notes
LEC0101
Tuesday 13:00 — 15:00
Thursday 13:00 — 14:00
GB 244
—
Christara, C.
5 of 120 available Yes: 0 student
Enrolment Controls: Priority (P)"
147,CSC343H1-F,Introduction to Databases,LEC0101,"Activity Time Room Instructor(s) Space Availability Wait List Status / Notes
LEC0101
Tuesday 15:00 — 18:00
MY 150
Horton, D.
119 of 365 available Yes: 0 student
Enrolment Controls: Priority (P)"
148,CSC343H1-F,Introduction to Databases,LEC2001,"Activity Time Room Instructor(s) Space Availability Wait List Status / Notes
LEC2001
Tuesday 15:00 — 18:00
MY 150
Horton, D.
25 of 85 available Yes: 0 student
Enrolment Controls: Restricted (R1)"
149,CSC343H1-S,Introduction to Databases,LEC0101,"Activity Time Room Instructor(s) Space Availability Wait List Status / Notes
LEC0101
Monday 12:00 — 13:00
Wednesday 12:00 — 13:00
Friday 12:00 — 13:00
BA 1130
BA 1130
BA 1130
Heap, D.
0 of 80 available Yes: 48 students
Enrolment Controls: Priority (P)"
150,CSC343H1-S,Introduction to Databases,LEC0201,"Activity Time Room Instructor(s) Space Availability Wait List Status / Notes
LEC0201
Monday 09:00 — 10:00
Wednesday 09:00 — 10:00
Friday 09:00 — 10:00
LM 161
LM 161
LM 161
—
0 of 40 available Yes: 33 students
Enrolment Controls: Priority (P)"
151,CSC343H1-S,Introduction to Databases,LEC0301,"Activity Time Room Instructor(s) Space Availability Wait List Status / Notes
LEC0301
Monday 13:00 — 14:00
Wednesday 13:00 — 14:00
Friday 13:00 — 14:00
BA 1130
BA 1130
BA 1130
—
0 of 120 available Yes: 49 students
Enrolment Controls: Priority (P)"
152,CSC343H1-S,Introduction to Databases,LEC2001,"Activity Time Room Instructor(s) Space Availability Wait List Status / Notes
LEC2001
Monday 12:00 — 13:00
Wednesday 12:00 — 13:00
Friday 12:00 — 13:00
BA 1130
BA 1130
BA 1130
—
0 of 40 available Yes: 17 students
Enrolment Controls: Restricted (R1)"
153,CSC343H1-S,Introduction to Databases,LEC2201,"Activity Time Room Instructor(s) Space Availability Wait List Status / Notes
LEC2201
Monday 09:00 — 10:00
Wednesday 09:00 — 10:00
Friday 09:00 — 10:00
LM 161
LM 161
LM 161
—
0 of 80 available Yes: 17 students
Enrolment Controls: Restricted (R1)"
154,CSC343H1-S,Introduction to Databases,LEC2501,"Activity Time Room Instructor(s) Space Availability Wait List Status / Notes
LEC2501
Tuesday 18:00 — 21:00
BA 1130
—
0 of 80 available Yes: 25 students
Enrolment Controls: Restricted (R1)"
155,CSC343H1-S,Introduction to Databases,LEC5101,"Activity Time Room Instructor(s) Space Availability Wait List Status / Notes
LEC5101
Tuesday 18:00 — 21:00
BA 1130
—
0 of 40 available Yes: 33 students
Enrolment Controls: Priority (P)"
156,CSC358H1-F,Principles of Computer Networks,LEC0101,"Activity Time Room Instructor(s) Space Availability Wait List Status / Notes
LEC0101
Tuesday 11:00 — 12:00
Wednesday 15:00 — 17:00
BA 1170
SS 1071
Marbach, P.
102 of 125 available Yes: 0 student
Enrolment Controls: Priority (P)"
157,CSC367H1-S,Parallel Programming,LEC0101,"Activity Time Room Instructor(s) Space Availability Wait List Status / Notes
LEC0101
Monday 14:00 — 15:00
Wednesday 14:00 — 15:00
Friday 14:00 — 15:00
Dept Lab
MS 2172
MS 2172
Dehnavi, M.
0 of 125 available Yes: 45 students Room Changed: October 2, 2019
Enrolment Controls: Priority (P)"
158,CSC369H1-F,Operating Systems,LEC0101,"Activity Time Room Instructor(s) Space Availability Wait List Status / Notes
LEC0101
Monday 14:00 — 15:00
Wednesday 14:00 — 15:00
Friday 14:00 — 15:00
BA 1170
BA 1170
BA 1170
Reid, K.
10 of 125 available Yes: 0 student
Enrolment Controls: Priority (P)"
159,CSC369H1-F,Operating Systems,LEC5101,"Activity Time Room Instructor(s) Space Availability Wait List Status / Notes
LEC5101
Wednesday 18:00 — 20:00
Wednesday 20:00 — 21:00
BA 1170
BA 1170
Reid, K.
29 of 125 available Yes: 0 student
Enrolment Controls: Priority (P)"
160,CSC369H1-S,Operating Systems,LEC0101,"Activity Time Room Instructor(s) Space Availability Wait List Status / Notes
LEC0101
Tuesday 16:00 — 17:00
Thursday 14:00 — 15:00
Friday 14:00 — 15:00
SF 1101
MC 252
—
Reid, K.
0 of 125 available Yes: 24 students Day Added: July 23, 2019
Enrolment Controls: Priority (P)"
161,CSC369H1-S,Operating Systems,LEC0201,"Activity Time Room Instructor(s) Space Availability Wait List Status / Notes
LEC0201
Tuesday 15:00 — 16:00
Thursday 15:00 — 16:00
Friday 15:00 — 16:00
SF 1101
MP 203
—
Reid, K.
0 of 125 available Yes: 26 students
Enrolment Controls: Priority (P)"
162,CSC373H1-F,"Algorithm Design, Analysis & Complexity",LEC5101,"Activity Time Room Instructor(s) Space Availability Wait List Status / Notes
LEC5101
Monday 17:00 — 18:00
Tuesday 13:00 — 15:00
Thursday 14:00 — 15:00
—
BA 1170
BA 1170
Singh, K.
13 of 125 available Yes: 0 student
Enrolment Controls: Priority (P)"
163,CSC373H1-F,"Algorithm Design, Analysis & Complexity",LEC5201,"Activity Time Room Instructor(s) Space Availability Wait List Status / Notes
LEC5201
Monday 17:00 — 18:00
Tuesday 15:00 — 16:00
Thursday 15:00 — 17:00
—
BA 1130
SS 2117
Singh, K.
62 of 125 available Yes: 0 student
Enrolment Controls: Priority (P)"
164,CSC373H1-F,"Algorithm Design, Analysis & Complexity",LEC5301,"Activity Time Room Instructor(s) Space Availability Wait List Status / Notes
LEC5301
Monday 18:00 — 19:00
Wednesday 18:00 — 21:00
—
BA 1190
Shah, N.
45 of 125 available Yes: 0 student
Enrolment Controls: Priority (P)"
165,CSC373H1-S,"Algorithm Design, Analysis & Complexity",LEC0101,"Activity Time Room Instructor(s) Space Availability Wait List Status / Notes
LEC0101
Monday 11:00 — 12:00
Monday 16:00 — 17:00
Wednesday 11:00 — 12:00
Friday 11:00 — 12:00
RW 110
RW 110
RW 110
RW 110
—
0 of 125 available Yes: 32 students
Enrolment Controls: Priority (P)"
166,CSC373H1-S,"Algorithm Design, Analysis & Complexity",LEC2003,"Activity Time Room Instructor(s) Space Availability Wait List Status / Notes
LEC2003
Monday 11:00 — 12:00
Monday 16:00 — 17:00
Wednesday 11:00 — 12:00
Friday 11:00 — 12:00
RW 110
RW 110
RW 110
RW 110
—
0 of 5 available Yes: 3 students
Enrolment Controls: Restricted (R1)"
167,CSC373H1-S,"Algorithm Design, Analysis & Complexity",LEC5101,"Activity Time Room Instructor(s) Space Availability Wait List Status / Notes
LEC5101
Monday 17:00 — 18:00
Wednesday 18:00 — 21:00
BA 1180
BA 1180
Borodin, A.
0 of 125 available Yes: 25 students
Enrolment Controls: Priority (P)"
168,CSC384H1-F,Introduction to Artificial Intelligence,LEC0101,"Activity Time Room Instructor(s) Space Availability Wait List Status / Notes
LEC0101
Monday 13:00 — 14:00
Wednesday 13:00 — 14:00
Friday 13:00 — 14:00
BA 1170
BA 1170
BA 1170
Bacchus, F.
14 of 103 available Yes: 0 student
Enrolment Controls: Priority (P)"
169,CSC384H1-F,Introduction to Artificial Intelligence,LEC0201,"Activity Time Room Instructor(s) Space Availability Wait List Status / Notes
LEC0201
Monday 14:00 — 15:00
Wednesday 14:00 — 15:00
Friday 14:00 — 15:00
BA 1180
BA 1180
BA 1180
Bacchus, F.
18 of 125 available Yes: 0 student
Enrolment Controls: Priority (P)"
170,CSC384H1-F,Introduction to Artificial Intelligence,LEC2001,"Activity Time Room Instructor(s) Space Availability Wait List Status / Notes
LEC2001
Monday 13:00 — 14:00
Wednesday 13:00 — 14:00
Friday 13:00 — 14:00
BA 1170
BA 1170
BA 1170
Bacchus, F.
3 of 22 available Yes: 0 student
Enrolment Controls: Restricted (R1)"
171,CSC384H1-S,Introduction to Artificial Intelligence,LEC0101,"Activity Time Room Instructor(s) Space Availability Wait List Status / Notes
LEC0101
Monday 13:00 — 14:00
Wednesday 13:00 — 14:00
Friday 13:00 — 14:00
BR 200
BA 1190
BA 1190
—
0 of 125 available Yes: 50 students
Enrolment Controls: Priority (P)"
172,CSC384H1-S,Introduction to Artificial Intelligence,LEC0201,"Activity Time Room Instructor(s) Space Availability Wait List Status / Notes
LEC0201
Monday 15:00 — 16:00
Wednesday 15:00 — 16:00
Friday 15:00 — 16:00
KP 108
KP 108
KP 108
—
0 of 65 available Yes: 33 students
Enrolment Controls: Priority (P)"
173,CSC384H1-S,Introduction to Artificial Intelligence,LEC2001,"Activity Time Room Instructor(s) Space Availability Wait List Status / Notes
LEC2001
Monday 15:00 — 16:00
Wednesday 15:00 — 16:00
Friday 15:00 — 16:00
KP 108
KP 108
KP 108
—
0 of 60 available Yes: 28 students
Enrolment Controls: Restricted (R1)"
174,CSC384H1-S,Introduction to Artificial Intelligence,LEC5101,"Activity Time Room Instructor(s) Space Availability Wait List Status / Notes
LEC5101
Wednesday 18:00 — 20:00
Wednesday 20:00 — 21:00
BA 1190
BA 1190
—
0 of 125 available Yes: 48 students
Enrolment Controls: Priority (P)"
175,CSC399Y1-Y,Research Opportunity Program,LEC0101,"Activity Time
Room
1st Term
2nd Term
Instructor(s) Space Availability Wait List Status / Notes
LEC0101
—
—
—
Chechik, M.
9996 of 9999 available No
Enrolment Controls: Enrol at Department (E)"
176,CSC399Y1-Y,Research Opportunity Program,LEC0201,"Activity Time
Room
1st Term
2nd Term
Instructor(s) Space Availability Wait List Status / Notes
LEC0201
—
—
—
—
9999 of 9999 available No
Enrolment Controls: Enrol at Department (E)"
177,CSC401H1-S,Natural Language Computing,LEC0101,"Activity Time Room Instructor(s) Space Availability Wait List Status / Notes
LEC0101
Monday 10:00 — 11:00
Wednesday 10:00 — 11:00
Friday 10:00 — 11:00
MB 128
SF 1105
MB 128
Rudzicz, F.
0 of 160 available Yes: 90 students
Enrolment Controls: Priority (P)"
178,CSC401H1-S,Natural Language Computing,LEC2001,"Activity Time Room Instructor(s) Space Availability Wait List Status / Notes
LEC2001
Monday 10:00 — 11:00
Wednesday 10:00 — 11:00
Friday 10:00 — 11:00
MB 128
SF 1105
MB 128
Rudzicz, F.
0 of 30 available Yes: 32 students Room Added: August 26, 2019
Enrolment Controls: Restricted (R1)"
179,CSC404H1-F,Introduction to Video Game Design,LEC5101,"Activity Time Room Instructor(s) Space Availability Wait List Status / Notes
LEC5101
Wednesday 18:00 — 20:00
Wednesday 20:00 — 21:00
BA 2135
BA 2135
Adum, E.
19 of 40 available No
Enrolment Controls: Enrol at Department (E)"
180,CSC404H1-S,Introduction to Video Game Design,LEC5101,"Activity Time Room Instructor(s) Space Availability Wait List Status / Notes
LEC5101
Thursday 18:00 — 21:00
BA B024
Adum, E.
40 of 40 available No
Enrolment Controls: Enrol at Department (E)"
181,CSC410H1-F,Software Testing and Verification,LEC0101,"Activity Time Room Instructor(s) Space Availability Wait List Status / Notes
LEC0101
Monday 11:00 — 12:00
Wednesday 11:00 — 13:00
MY 380
BL 205
Farzan, A.
37 of 72 available Yes: 0 student
Enrolment Controls: Priority (P)"
182,CSC410H1-F,Software Testing and Verification,LEC0201,"Activity Time Room Instructor(s) Space Availability Wait List Status / Notes
LEC0201
Monday 12:00 — 13:00
Friday 11:00 — 13:00
MY 330
SS 2127
Farzan, A.
45 of 72 available Yes: 0 student
Enrolment Controls: Priority (P)"
183,CSC412H1-S,Probabilistic Learning and Reasoning,LEC0101,"Activity Time Room Instructor(s) Space Availability Wait List Status / Notes
LEC0101
Tuesday 13:00 — 15:00
Thursday 13:00 — 14:00
UC 140
UC 140
Duvenaud, D.
0 of 75 available Yes: 62 students
Enrolment Controls: Priority (P)"
184,CSC412H1-S,Probabilistic Learning and Reasoning,LEC2001,"Activity Time Room Instructor(s) Space Availability Wait List Status / Notes
LEC2001
Tuesday 13:00 — 15:00
Thursday 13:00 — 14:00
UC 140
UC 140
Duvenaud, D.
0 of 15 available Yes: 18 students
Enrolment Controls: Restricted (R1)"
185,CSC413H1-S,Neural Networks and Deep Learning,LEC0101,"Activity Time Room Instructor(s) Space Availability Wait List Status / Notes
LEC0101
Tuesday 12:00 — 13:00
Thursday 13:00 — 15:00
KP 108
MC 102
Ba, J.
0 of 70 available Yes: 7 students Room Change: September 19, 2019
Enrolment Controls: Priority (P)"
186,CSC413H1-S,Neural Networks and Deep Learning,LEC0201,"Activity Time Room Instructor(s) Space Availability Wait List Status / Notes
LEC0201
Tuesday 12:00 — 13:00
Thursday 13:00 — 15:00
RW 117
MC 102
Ba, J.
0 of 95 available Yes: 7 students Added: September 19, 2019
Enrolment Controls: Priority (P)"
187,CSC413H1-S,Neural Networks and Deep Learning,LEC2001,"Activity Time Room Instructor(s) Space Availability Wait List Status / Notes
LEC2001
Tuesday 12:00 — 13:00
Thursday 13:00 — 15:00
KP 108
MC 102
Ba, J.
0 of 30 available Yes: 18 students Room Change: September 19, 2019
Enrolment Controls: Restricted (R1)"
188,CSC413H1-S,Neural Networks and Deep Learning,LEC2201,"Activity Time Room Instructor(s) Space Availability Wait List Status / Notes
LEC2201
Tuesday 12:00 — 13:00
Thursday 13:00 — 15:00
RW 117
MC 102
Ba, J.
0 of 25 available Yes: 9 students Added: September 19, 2019
Enrolment Controls: Restricted (R1)"
189,CSC413H1-S,Neural Networks and Deep Learning,LEC5101,"Activity Time Room Instructor(s) Space Availability Wait List Status / Notes
LEC5101
Tuesday 18:00 — 20:00
Tuesday 20:00 — 21:00
LM 161
LM 161
Ba, J.
0 of 110 available Yes: 26 students
Enrolment Controls: Priority (P)"
190,CSC418H1-F,Computer Graphics,LEC0101,"Activity Time Room Instructor(s) Space Availability Wait List Status / Notes
LEC0101
Monday 12:00 — 13:00
Wednesday 15:00 — 17:00
GB 120
GB 120
Jacobson, A.
10 of 75 available Yes: 0 student
Enrolment Controls: Priority (P)"
191,CSC418H1-F,Computer Graphics,LEC2001,"Activity Time Room Instructor(s) Space Availability Wait List Status / Notes
LEC2001
Monday 12:00 — 13:00
Wednesday 15:00 — 17:00
GB 120
GB 120
Jacobson, A.
6 of 20 available Yes: 0 student
Enrolment Controls: Restricted (R1)"
192,CSC418H1-S,Computer Graphics,LEC0101,"Activity Time Room Instructor(s) Space Availability Wait List Status / Notes
LEC0101
Monday 12:00 — 13:00
Wednesday 15:00 — 17:00
GB 221
GB 221
Levin, D.
0 of 55 available Yes: 31 students
Enrolment Controls: Priority (P)"
193,CSC418H1-S,Computer Graphics,LEC0201,"Activity Time Room Instructor(s) Space Availability Wait List Status / Notes
LEC0201
Monday 12:00 — 13:00
Tuesday 15:00 — 17:00
GB 244
GB 244
Levin, D.
0 of 40 available Yes: 29 students
Enrolment Controls: Priority (P)"
194,CSC418H1-S,Computer Graphics,LEC2001,"Activity Time Room Instructor(s) Space Availability Wait List Status / Notes
LEC2001
Monday 12:00 — 13:00
Wednesday 15:00 — 17:00
GB 221
GB 221
Levin, D.
0 of 30 available Yes: 21 students
Enrolment Controls: Restricted (R1)"
195,CSC418H1-S,Computer Graphics,LEC2201,"Activity Time Room Instructor(s) Space Availability Wait List Status / Notes
LEC2201
Monday 12:00 — 13:00
Tuesday 15:00 — 17:00
GB 244
GB 244
Levin, D.
0 of 45 available Yes: 20 students
Enrolment Controls: Restricted (R1)"
196,CSC420H1-F,Introduction to Image Understanding,LEC5101,"Activity Time Room Instructor(s) Space Availability Wait List Status / Notes
LEC5101
Monday 18:00 — 21:00
BA 1130
Taati, B.
46 of 160 available Yes: 0 student
Enrolment Controls: Priority (P)"
197,CSC428H1-F,Human-Computer Interaction,LEC0101,"Activity Time Room Instructor(s) Space Availability Wait List Status / Notes
LEC0101
Tuesday 15:00 — 17:00
Thursday 10:00 — 11:00
BA 1220
BA 1220
Grossman, T.
9 of 60 available Yes: 0 student
Enrolment Controls: Priority (P)"
198,CSC428H1-S,Human-Computer Interaction,LEC0101,"Activity Time Room Instructor(s) Space Availability Wait List Status / Notes
LEC0101
Tuesday 15:00 — 17:00
Thursday 12:00 — 13:00
BA 1200
BA 1200
Grossman, T.
0 of 55 available Yes: 32 students
Enrolment Controls: Priority (P)"
199,CSC428H1-S,Human-Computer Interaction,LEC2001,"Activity Time Room Instructor(s) Space Availability Wait List Status / Notes
LEC2001
Tuesday 15:00 — 17:00
Thursday 12:00 — 13:00
BA 1200
BA 1200
Grossman, T.
0 of 5 available Yes: 2 students
Enrolment Controls: Restricted (R1)"
200,CSC436H1-F,Numerical Algorithms,LEC0101,"Activity Time Room Instructor(s) Space Availability Wait List Status / Notes
LEC0101
Thursday 13:00 — 14:00
Friday 13:00 — 15:00
KP 113
KP 113
Christara, C.
15 of 25 available Yes: 0 student
Enrolment Controls: Priority (P)"
201,CSC438H1-F,Computability and Logic,LEC0101,"Activity Time Room Instructor(s) Space Availability Wait List Status / Notes
LEC0101
Monday 15:00 — 17:00
Friday 12:00 — 13:00
BA 1200
BA 1200
Pitassi, T.
30 of 60 available Yes: 0 student
Enrolment Controls: Priority (P)"
202,CSC454H1-F,The Business of Software,LEC5101,"Activity Time Room Instructor(s) Space Availability Wait List Status / Notes
LEC5101
Wednesday 18:00 — 20:00
Wednesday 20:00 — 21:00
BA 1210
BA 1210
Grech, M.
24 of 60 available No
Enrolment Controls: Enrol at Department (E)"
203,CSC454H1-S,The Business of Software,LEC5101,"Activity Time Room Instructor(s) Space Availability Wait List Status / Notes
LEC5101
Wednesday 18:00 — 20:00
Wednesday 20:00 — 21:00
BA 1200
BA 1200
Grech, M.
25 of 60 available No
Enrolment Controls: Enrol at Department (E)"
204,CSC458H1-F,Computer Networking Systems,LEC0101,"Activity Time Room Instructor(s) Space Availability Wait List Status / Notes
LEC0101
Thursday 13:00 — 15:00
Friday 11:00 — 12:00
BA 1220
BA 1220
Ganjali, Y.
37 of 85 available Yes: 0 student
Enrolment Controls: Priority (P)"
205,CSC458H1-F,Computer Networking Systems,LEC0201,"Activity Time Room Instructor(s) Space Availability Wait List Status / Notes
LEC0201
Tuesday 13:00 — 15:00
Friday 13:00 — 14:00
ES B149
ES B149
Ganjali, Y.
21 of 85 available Yes: 0 student
Enrolment Controls: Priority (P)"
206,CSC458H1-F,Computer Networking Systems,LEC5101,"Activity Time Room Instructor(s) Space Availability Wait List Status / Notes
LEC5101
Tuesday 18:00 — 21:00
BA 1210
Marbach, P.
12 of 65 available Yes: 0 student
Enrolment Controls: Priority (P)"
207,CSC463H1-S,Computational Complexity and Computability,LEC0101,"Activity Time Room Instructor(s) Space Availability Wait List Status / Notes
LEC0101
Monday 14:00 — 15:00
Wednesday 14:00 — 15:00
Friday 14:00 — 15:00
GB 221
GB 221
GB 221
—
0 of 80 available Yes: 14 students
Enrolment Controls: Priority (P)"
208,CSC465H1-F,Formal Methods in Software Design,LEC5101,"Activity Time Room Instructor(s) Space Availability Wait List Status / Notes
LEC5101
Thursday 18:00 — 21:00
BA 1210
Hehner, E.
20 of 75 available Yes: 0 student
Enrolment Controls: Priority (P)"
209,CSC466H1-S,Numerical Methods for Optimization Problems,LEC0101,"Activity Time Room Instructor(s) Space Availability Wait List Status / Notes
LEC0101
Monday 13:00 — 14:00
Wednesday 13:00 — 14:00
Friday 13:00 — 14:00
SS 1087
SS 1087
SS 1087
Jackson, K.
0 of 40 available Yes: 3 students Room Change: September 18, 2019
Enrolment Controls: Priority (P)"
210,CSC469H1-F,Operating Systems Design and Implementation,LEC0101,"Activity Time Room Instructor(s) Space Availability Wait List Status / Notes
LEC0101
Monday 10:00 — 11:00
Wednesday 10:00 — 11:00
Friday 10:00 — 11:00
GB 119
GB 119
GB 119
Demke Brown, A.
20 of 75 available Yes: 0 student
Enrolment Controls: Priority (P)"
211,CSC473H1-S,Advanced Algorithm Design,LEC0101,"Activity Time Room Instructor(s) Space Availability Wait List Status / Notes
LEC0101
Monday 11:00 — 12:00
Wednesday 11:00 — 12:00
Friday 11:00 — 12:00
ES B142
ES B142
ES B142
Nikolov, A.
0 of 75 available Yes: 13 students
Enrolment Controls: Priority (P)"
212,CSC485H1-F,Computational Linguistics,LEC0101,"Activity Time Room Instructor(s) Space Availability Wait List Status / Notes
LEC0101
Monday 11:00 — 12:00
Wednesday 11:00 — 12:00
Friday 11:00 — 12:00
WI 1017
MP 102
SS 2118
Penn, G.
11 of 85 available Yes: 0 student Room Change: August 27, 2019
Enrolment Controls: Priority (P)"
213,CSC485H1-F,Computational Linguistics,LEC0201,"Activity Time Room Instructor(s) Space Availability Wait List Status / Notes
LEC0201
Monday 18:00 — 19:00
Wednesday 11:00 — 12:00
Friday 11:00 — 12:00
BA 1210
MP 102
SS 2118
Penn, G.
12 of 61 available Yes: 0 student Added: August 29, 2019
Enrolment Controls: Priority (P)"
214,CSC485H1-F,Computational Linguistics,LEC2001,"Activity Time Room Instructor(s) Space Availability Wait List Status / Notes
LEC2001
Monday 11:00 — 12:00
Wednesday 11:00 — 12:00
Friday 11:00 — 12:00
WI 1017
MP 102
SS 2118
Penn, G.
1 of 5 available Yes: 0 student Room Change: August 27, 2019
Enrolment Controls: Restricted (R1)"
215,CSC485H1-F,Computational Linguistics,LEC2201,"Activity Time Room Instructor(s) Space Availability Wait List Status / Notes
LEC2201
Monday 18:00 — 19:00
Wednesday 11:00 — 12:00
Friday 11:00 — 12:00
BA 1210
MP 102
SS 2118
Penn, G.
2 of 4 available Yes: 0 student Added: August 29, 2019
Enrolment Controls: Restricted (R1)"
216,CSC488H1-F,Compilers and Interpreters,LEC0101,"Activity Time Room Instructor(s) Space Availability Wait List Status / Notes
LEC0101
Monday 13:00 — 15:00
Tuesday 10:00 — 11:00
BA 1210
BA 1210
Long, F.
12 of 70 available Yes: 0 student
Enrolment Controls: Priority (P)"
217,CSC491H1-F,Capstone Design Project,LEC0101,"Subtitle
Business of Software Build Component
Activity Time Room Instructor(s) Space Availability Wait List Status / Notes
LEC0101
Thursday 18:00 — 21:00
—
Nadeau, J.
28 of 40 available No Time Change: July 10, 2019
Enrolment Controls: Enrol at Department (E)"
218,CSC491H1-S,Capstone Design Project,LEC0101,"Subtitle
Business of Software Build Component
Activity Time Room Instructor(s) Space Availability Wait List Status / Notes
LEC0101
Thursday 18:00 — 21:00
—
Nadeau, J.
27 of 40 available No Time Change: July 10, 2019
Enrolment Controls: Enrol at Department (E)"
219,CSC494H1-F,Computer Science Project,LEC0101,"Activity Time Room Instructor(s) Space Availability Wait List Status / Notes
LEC0101
—
—
—
9982 of 9999 available No
Enrolment Controls: Enrol at Department (E)"
220,CSC494H1-S,Computer Science Project,LEC0101,"Activity Time Room Instructor(s) Space Availability Wait List Status / Notes
LEC0101
—
—
—
9999 of 9999 available No
Enrolment Controls: Enrol at Department (E)"
221,CSC494H1-Y,Computer Science Project,LEC0101,"Activity Time
Room
1st Term
2nd Term
Instructor(s) Space Availability Wait List Status / Notes
LEC0101
—
—
—
—
9998 of 9999 available No
Enrolment Controls: Enrol at Department (E)"
222,CSC494Y1-Y,Project in CSC,LEC0101,"Activity Time
Room
1st Term
2nd Term
Instructor(s) Space Availability Wait List Status / Notes
LEC0101
—
—
—
—
9985 of 9999 available No
Enrolment Controls: Enrol at Department (E)"
223,CSC495H1-F,Computer Science Project,LEC0101,"Activity Time Room Instructor(s) Space Availability Wait List Status / Notes
LEC0101
—
—
—
9992 of 9999 available No
Enrolment Controls: Enrol at Department (E)"
224,CSC495H1-S,Computer Science Project,LEC0101,"Activity Time Room Instructor(s) Space Availability Wait List Status / Notes
LEC0101
—
—
—
9999 of 9999 available No
Enrolment Controls: Enrol at Department (E)"
225,CSC495H1-Y,Computer Science Project,LEC0101,"Activity Time
Room
1st Term
2nd Term
Instructor(s) Space Availability Wait List Status / Notes
LEC0101
—
—
—
—
9999 of 9999 available No
Enrolment Controls: Enrol at Department (E)"
